{
  "hash": "8fc399ba",
  "browserHash": "5b88dd6a",
  "optimized": {
    "@angular/common/http": {
      "src": "../../../../../node_modules/@angular/common/fesm2022/http.mjs",
      "file": "@angular_common_http.js",
      "fileHash": "0799bfe0",
      "needsInterop": false
    },
    "@angular/core": {
      "src": "../../../../../node_modules/@angular/core/fesm2022/core.mjs",
      "file": "@angular_core.js",
      "fileHash": "47c6f7f8",
      "needsInterop": false
    },
    "@angular/platform-browser": {
      "src": "../../../../../node_modules/@angular/platform-browser/fesm2022/platform-browser.mjs",
      "file": "@angular_platform-browser.js",
      "fileHash": "b644e697",
      "needsInterop": false
    },
    "@angular/router": {
      "src": "../../../../../node_modules/@angular/router/fesm2022/router.mjs",
      "file": "@angular_router.js",
      "fileHash": "3aa9532d",
      "needsInterop": false
    }
  },
  "chunks": {
    "chunk-JM2CBYTH": {
      "file": "chunk-JM2CBYTH.js"
    },
    "chunk-PRUM2H7Y": {
      "file": "chunk-PRUM2H7Y.js"
    },
    "chunk-7JJFYRJ3": {
      "file": "chunk-7JJFYRJ3.js"
    }
  }
}